HOUR,CALL_TYPE,TAXI_ID,POLYLINE
0.111111111111,1.0,0.625,0.130136986301
0.333333333333,0.5,0.75,0.116438356164
0.444444444444,0.0,0.0,0.404109589041
0.666666666667,0.5,0.0,0.260273972603
0.888888888889,0.0,0.25,0.198630136986
1.0,0.5,1.0,0.308219178082
1.11111111111,1.0,0.125,1.0
1.11111111111,0.5,0.875,0.22602739726
1.22222222222,0.0,0.5,0.102739726027
0.888888888889,0.5,0.375,0.356164383562
